{
  "lstm_fit": {
    "a": 9.999999743846924,
    "alpha": 0.3442885761994301,
    "c": 3.1966142546703042,
    "a_stderr": 86.53329133836488,
    "alpha_stderr": 0.7960575973775877,
    "c_stderr": 0.18124570890728656,
    "r_squared": 0.8876037942138741
  },
  "gpt_fit": {
    "a": 0.0003119801303857625,
    "alpha": -0.5435897661826244,
    "c": 2.8952488940218064,
    "a_stderr": 0.0011832803531301467,
    "alpha_stderr": 0.21300514813480387,
    "c_stderr": 0.5520454426374916,
    "r_squared": 0.9666341239078997
  },
  "lstm_summary": {
    "models": [
      "tiny",
      "small",
      "medium",
      "large"
    ],
    "params": [
      237986,
      1461026,
      4556066,
      10274594
    ],
    "val_losses": [
      3.3467628410884314,
      3.248584474836077,
      3.2485402720315117,
      3.248442758832659
    ],
    "times": [
      3764.5017549991608,
      252.24779605865479,
      696.3638944625854,
      1435.470042705536
    ],
    "memory": [
      0.0,
      0.5249691009521484,
      0.9685111045837402,
      1.5514798164367676
    ]
  },
  "gpt_summary": {
    "models": [
      "tiny",
      "small",
      "medium",
      "large",
      "xl"
    ],
    "params": [
      117504,
      825856,
      4651920,
      14280192,
      38516304
    ],
    "val_losses": [
      3.2499908813531846,
      3.2773894710817197,
      3.8719538363857544,
      5.735302842181662,
      6.910189137942549
    ],
    "times": [
      111.58228302001953,
      331.56180000305176,
      1031.3380875587463,
      2378.4483387470245,
      6605.841860532761
    ],
    "memory": [
      0.6597375869750977,
      0.6597375869750977,
      1.5900187492370605,
      3.0309462547302246,
      6.334523677825928
    ]
  }
}