{
  "a": 0.0003119801303857625,
  "alpha": -0.5435897661826244,
  "c": 2.8952488940218064,
  "a_stderr": 0.0011832803531301467,
  "alpha_stderr": 0.21300514813480387,
  "c_stderr": 0.5520454426374916,
  "r_squared": 0.9666341239078997
}